<?xml version="1.0" encoding="utf-8"?>
<odoo>
    <!--  Scheduled cron job for managing HR announcement's expiry dates.-->
    <record id="ir_cron_hr_announcement_expiry_date" model="ir.cron">
        <field name="name">HR Announcement Expiry Date</field>
        <field name="interval_number">1</field>
        <field name="interval_type">days</field>
        <field name="model_id" ref="model_hr_announcement"/>
        <field name="state">code</field>
        <field name="code">model.get_expiry_state()</field>
    </record>
</odoo>
