<?xml version="1.0" encoding="utf-8" ?>
<odoo>
    <data noupdate="1">
        <record id="analytic_tag_comp_rule" model="ir.rule">
            <field name="name">Analytic line multi company rule</field>
            <field name="model_id" ref="model_account_analytic_tag" />
            <field eval="True" name="global" />
            <field
                name="domain_force"
            >['|',('company_id','=',False),('company_id', 'in', company_ids)]</field>
        </record>
    </data>
    <data>
        <record id="group_analytic_tags" model="res.groups">
            <field name="name">Analytic Accounting Tags</field>
            <field name="category_id" ref="base.module_category_hidden" />
        </record>
    </data>
</odoo>
