<?xml version="1.0" encoding="utf-8" ?>
<odoo>
    <record id="project_task_description_template_company_ruyle" model="ir.rule">
        <field name="name">Project Task Description Template Company Rule</field>
        <field name="model_id" ref="model_project_task_description_template" />
        <field
            name="domain_force"
        >['|', ('company_id', '=', False), ('company_id', 'in', company_ids)]</field>
        <field name="perm_read" eval="True" />
        <field name="perm_write" eval="True" />
        <field name="perm_create" eval="True" />
        <field name="perm_unlink" eval="True" />
    </record>
</odoo>
