<?xml version="1.0" encoding="utf-8" ?>
<!-- Copyright 2025 Dixmit
     License AGPL-3.0 or later (https://www.gnu.org/licenses/agpl). -->
<odoo>
    <record model="ir.rule" id="project_groups_rule">
        <field name="name">Project: employees: Groups</field>
        <field name="model_id" ref="project.model_project_project" />
        <field name="domain_force">[
                                        ('privacy_visibility', '=', 'followers'),
                                        ('group_ids', 'in', user.groups_id.ids)
                                    ]</field>
        <field name="groups" eval="[(4, ref('base.group_user'))]" />
    </record>

    <record model="ir.rule" id="project_task_groups_rule">
        <field name="name">Task: employees: Groups</field>
        <field name="model_id" ref="project.model_project_task" />
        <field name="domain_force">[
                                        ('project_id', '!=', False),
                                        ('project_id.privacy_visibility', '=', 'followers'),
                                        ('project_id.group_ids', 'in', user.groups_id.ids)
                                    ]</field>
        <field name="groups" eval="[(4, ref('base.group_user'))]" />
    </record>
</odoo>
