<?xml version="1.0" encoding="utf-8" ?>
<!-- Copyright 2017 ACSONE SA/NV
     License AGPL-3.0 or later (http://www.gnu.org/licenses/agpl). -->
<odoo noupdate="1">
    <record id="analytic_account_code_seq" model="ir.sequence">
        <field name="name">Analytic account code</field>
        <field name="code">account.analytic.account.code</field>
        <field name="prefix">AA</field>
        <field name="padding">3</field>
        <field name="company_id" eval="False" />
    </record>
</odoo>
