id,name,model_id:id,group_id:id,perm_read,perm_write,perm_create,perm_unlink
access_project_stakeholder_group_project_manager,project_stakeholder group_project_manager,model_project_stakeholder,project.group_project_manager,1,1,1,1
access_project_stakeholder_group_project_user,project_stakeholder group_project_user,model_project_stakeholder,project.group_project_user,1,0,0,0
access_project_stakeholder_role_group_project_manager,project_stakeholder_role group_project_manager,model_project_stakeholder_role,project.group_project_manager,1,1,1,1
access_project_stakeholder_role_group_project_user,project_stakeholder_role group_project_user,model_project_stakeholder_role,project.group_project_user,1,0,0,0
