<?xml version="1.0" encoding="UTF-8" ?>
<odoo noupdate="1">
    <record model="ir.cron" id="cronjob_run_attachment_synchronize_task_import">
        <field name='name'>Run attachment tasks import</field>
        <field name='interval_number'>30</field>
        <field name='interval_type'>minutes</field>
        <field name="active">False</field>
        <field name="model_id" ref="model_attachment_synchronize_task" />
        <field name="state">code</field>
        <field name="code">model.run_task_import_scheduler()</field>
    </record>
</odoo>
